battery_id,cycle,predicted_rul_cycles,status,slope_ah_per_cycle,right_censored,observed_crossing_lower_exclusive,observed_crossing_upper_inclusive,absolute_distance_to_interval_cycles,prediction_in_interval
Cell1,0,,insufficient_history,,False,5700,5800,,
Cell1,100,,insufficient_history,,False,5700,5800,,
Cell1,200,,insufficient_history,,False,5700,5800,,
Cell1,300,,insufficient_history,,False,5700,5800,,
Cell1,400,2569.4149463539406,estimated,-4.883780252008402e-05,False,5700,5800,2730.5850536460594,False
Cell1,500,3249.6542039097244,estimated,-3.780833917354641e-05,False,5700,5800,1950.3457960902756,False
Cell1,600,3308.337414901395,estimated,-3.6117161032562766e-05,False,5700,5800,1791.6625850986052,False
Cell1,700,3500.1274981001725,estimated,-3.3368651031942145e-05,False,5700,5800,1499.8725018998275,False
Cell1,800,3738.7165511415724,estimated,-3.048435307823868e-05,False,5700,5800,1161.2834488584276,False
Cell1,900,3615.4518693761083,estimated,-3.063984194385846e-05,False,5700,5800,1184.5481306238917,False
Cell1,1000,3424.3424644469515,estimated,-3.139665546227355e-05,False,5700,5800,1275.6575355530485,False
Cell1,1100,3162.491217653287,estimated,-3.2929415017181966e-05,False,5700,5800,1437.508782346713,False
Cell1,1200,3220.184572344968,estimated,-3.142283704414833e-05,False,5700,5800,1279.8154276550322,False
Cell1,1300,3222.0842693290106,estimated,-3.050072730761603e-05,False,5700,5800,1177.9157306709894,False
Cell1,1400,3236.093552885083,estimated,-2.950761099148483e-05,False,5700,5800,1063.9064471149168,False
Cell1,1600,3119.539960868512,estimated,-2.879008529287653e-05,False,5700,5800,980.460039131488,False
Cell1,1800,2903.741874578024,estimated,-2.8915294810703116e-05,False,5700,5800,996.2581254219758,False
Cell1,1900,2754.6106279792975,estimated,-2.9361828251986326e-05,False,5700,5800,1045.3893720207025,False
Cell1,2000,2606.9611696179654,estimated,-2.9843987541177924e-05,False,5700,5800,1093.0388303820346,False
Cell1,2100,2567.9640717193342,estimated,-2.924047791932487e-05,False,5700,5800,1032.0359282806658,False
Cell1,2200,2469.971680593846,estimated,-2.9193816323153297e-05,False,5700,5800,1030.028319406154,False
Cell1,2300,2444.1116108086007,estimated,-2.838653211355606e-05,False,5700,5800,955.8883891913993,False
Cell1,2400,2290.0289551333544,estimated,-2.8977571454986413e-05,False,5700,5800,1009.9710448666456,False
Cell1,2500,2285.190110035589,estimated,-2.7953203775841912e-05,False,5700,5800,914.809889964411,False
Cell1,2600,2221.383542033939,estimated,-2.7480792232381342e-05,False,5700,5800,878.6164579660608,False
Cell1,2700,2282.571698441958,estimated,-2.578208233442188e-05,False,5700,5800,717.4283015580422,False
Cell1,2800,2384.354241598913,estimated,-2.3792391041934553e-05,False,5700,5800,515.6457584010868,False
Cell1,2900,2021.3359146476814,estimated,-2.6491195825778035e-05,False,5700,5800,778.6640853523186,False
Cell1,3000,2203.217086053174,estimated,-2.347655096627406e-05,False,5700,5800,496.78291394682583,False
Cell1,3100,2154.7818410724312,estimated,-2.3051337645711737e-05,False,5700,5800,445.21815892756877,False
Cell1,3200,2042.842979601137,estimated,-2.3087038412130228e-05,False,5700,5800,457.1570203988631,False
Cell1,3300,2303.600718485799,estimated,-1.980125264576656e-05,False,5700,5800,96.399281514201,False
Cell1,3500,1707.3403287377996,estimated,-2.365506567447699e-05,False,5700,5800,492.6596712622004,False
Cell1,3600,1846.0912567943133,estimated,-2.1141424208450352e-05,False,5700,5800,253.90874320568673,False
Cell1,3700,1939.925747577865,estimated,-1.9272213036572264e-05,False,5700,5800,60.07425242213503,False
Cell1,3800,1503.0954807966755,estimated,-2.2840041398599926e-05,False,5700,5800,396.9045192033245,False
Cell1,3900,1629.0822003942585,estimated,-2.0143099659864813e-05,False,5700,5800,170.9177996057415,False
Cell1,4000,1500.8488356882126,estimated,-2.0644641468773974e-05,False,5700,5800,199.1511643117874,False
Cell1,4100,1441.0865090078787,estimated,-2.002332249048527e-05,False,5700,5800,158.9134909921213,False
Cell1,4200,1645.104569255961,estimated,-1.672516617718412e-05,False,5700,5800,45.104569255960996,False
Cell1,4300,1314.476077916359,estimated,-1.9335454659955315e-05,False,5700,5800,85.52392208364108,False
Cell1,4400,1277.9360594036307,estimated,-1.852357463079145e-05,False,5700,5800,22.06394059636932,False
Cell1,4500,1109.2882840622624,estimated,-1.9258489363275147e-05,False,5700,5800,90.71171593773761,False
Cell1,4600,1028.516241417302,estimated,-1.9201493952219216e-05,False,5700,5800,71.4837585826981,False
Cell1,4800,969.3665984852141,estimated,-1.7177490868194777e-05,False,5700,5800,0.0,True
Cell1,5000,706.1262561880321,estimated,-1.7968008053916842e-05,False,5700,5800,0.0,True
Cell1,5100,646.8896290505254,estimated,-1.720682393882283e-05,False,5700,5800,0.0,True
Cell1,5200,414.2422665699578,estimated,-2.0332238776769015e-05,False,5700,5800,85.75773343004221,False
Cell1,5300,369.2774401100305,estimated,-1.902561062809228e-05,False,5700,5800,30.72255988996949,False
Cell1,5400,381.2165989104378,estimated,-1.560129992210559e-05,False,5700,5800,0.0,True
Cell1,5500,162.0282107322737,estimated,-1.9518854969489684e-05,False,5700,5800,37.97178926772631,False
Cell1,5600,126.39496104205591,estimated,-1.629466148389039e-05,False,5700,5800,0.0,True
Cell1,5700,21.752704618780626,estimated,-1.7700733346486727e-05,False,5700,5800,,
Cell1,5800,0.0,already_at_threshold,,False,5700,5800,,
Cell1,5900,0.0,already_at_threshold,,False,5700,5800,,
Cell1,6000,0.0,already_at_threshold,,False,5700,5800,,
Cell1,6100,0.0,already_at_threshold,,False,5700,5800,,
Cell1,6200,0.0,already_at_threshold,,False,5700,5800,,
Cell1,6300,0.0,already_at_threshold,,False,5700,5800,,
Cell1,6400,0.0,already_at_threshold,,False,5700,5800,,
Cell1,6500,0.0,already_at_threshold,,False,5700,5800,,
Cell1,6600,0.0,already_at_threshold,,False,5700,5800,,
Cell1,6700,0.0,already_at_threshold,,False,5700,5800,,
Cell1,6800,0.0,already_at_threshold,,False,5700,5800,,
Cell1,6900,0.0,already_at_threshold,,False,5700,5800,,
Cell1,7000,0.0,already_at_threshold,,False,5700,5800,,
Cell1,7100,0.0,already_at_threshold,,False,5700,5800,,
Cell1,7200,0.0,already_at_threshold,,False,5700,5800,,
Cell1,7300,0.0,already_at_threshold,,False,5700,5800,,
Cell1,7400,0.0,already_at_threshold,,False,5700,5800,,
Cell1,7500,0.0,already_at_threshold,,False,5700,5800,,
Cell1,7600,0.0,already_at_threshold,,False,5700,5800,,
Cell1,7700,0.0,already_at_threshold,,False,5700,5800,,
Cell1,7800,0.0,already_at_threshold,,False,5700,5800,,
Cell1,7900,0.0,already_at_threshold,,False,5700,5800,,
Cell1,8000,0.0,already_at_threshold,,False,5700,5800,,
Cell1,8100,0.0,already_at_threshold,,False,5700,5800,,
Cell1,8200,0.0,already_at_threshold,,False,5700,5800,,
Cell2,0,,insufficient_history,,False,4800,5000,,
Cell2,100,,insufficient_history,,False,4800,5000,,
Cell2,200,,insufficient_history,,False,4800,5000,,
Cell2,300,,insufficient_history,,False,4800,5000,,
Cell2,400,2546.0295056537893,estimated,-4.787975436821868e-05,False,4800,5000,1853.9704943462107,False
Cell2,500,3085.490597189896,estimated,-3.857559670208735e-05,False,4800,5000,1214.509402810104,False
Cell2,600,3190.5927847631565,estimated,-3.6285003406450444e-05,False,4800,5000,1009.4072152368435,False
Cell2,700,3315.016950985558,estimated,-3.405003022577938e-05,False,4800,5000,784.9830490144418,False
Cell2,800,3547.4069488978303,estimated,-3.101487436694774e-05,False,4800,5000,452.59305110216974,False
Cell2,900,3586.543060545713,estimated,-2.9884749886400392e-05,False,4800,5000,313.45693945428684,False
Cell2,1000,3603.4474551968015,estimated,-2.899167385208207e-05,False,4800,5000,196.55254480319854,False
Cell2,1100,3613.255266935387,estimated,-2.817879664468418e-05,False,4800,5000,86.74473306461277,False
Cell2,1200,3719.412313138908,estimated,-2.668843394962234e-05,False,4800,5000,0.0,True
Cell2,1300,3517.1050897114183,estimated,-2.7407731815984887e-05,False,4800,5000,0.0,True
Cell2,1400,3322.7243040178373,estimated,-2.8136120388905685e-05,False,4800,5000,77.27569598216269,False
Cell2,1600,3022.8761493714364,estimated,-2.8970280466588334e-05,False,4800,5000,177.12385062856356,False
Cell2,1800,2848.7663418651946,estimated,-2.8753871879793498e-05,False,4800,5000,151.2336581348054,False
Cell2,1900,2704.79270261441,estimated,-2.914647417139821e-05,False,4800,5000,195.2072973855902,False
Cell2,2000,2532.8063159163294,estimated,-2.985997972927985e-05,False,4800,5000,267.19368408367063,False
Cell2,2100,2488.2294174746667,estimated,-2.929991205775529e-05,False,4800,5000,211.77058252533334,False
Cell2,2200,2297.0774009927354,estimated,-3.033840582965465e-05,False,4800,5000,302.9225990072646,False
Cell2,2300,2441.081685249871,estimated,-2.7604846493252672e-05,False,4800,5000,58.91831475012896,False
Cell2,2400,2336.18493000759,estimated,-2.7613986384792077e-05,False,4800,5000,63.81506999240992,False
Cell2,2500,2353.9751197720216,estimated,-2.64269140570401e-05,False,4800,5000,0.0,True
Cell2,2600,2154.0600702838847,estimated,-2.740985025962978e-05,False,4800,5000,45.93992971611533,False
Cell2,2700,2183.795827625783,estimated,-2.607137233531652e-05,False,4800,5000,0.0,True
Cell2,2800,2359.701173043214,estimated,-2.3293740910108912e-05,False,4800,5000,159.7011730432141,False
Cell2,2900,1807.7954508814737,estimated,-2.8286996378672646e-05,False,4800,5000,92.2045491185263,False
Cell2,3000,1977.0492254103283,estimated,-2.4898627741641465e-05,False,4800,5000,0.0,True
Cell2,3100,1739.8932451040655,estimated,-2.6767819264370743e-05,False,4800,5000,0.0,True
Cell2,3200,1583.65931598497,estimated,-2.746472915734206e-05,False,4800,5000,16.340684015030092,False
Cell2,3300,1854.375402842279,estimated,-2.2587332940168794e-05,False,4800,5000,154.37540284227907,False
Cell2,3500,1306.3526545875911,estimated,-2.7432028827535547e-05,False,4800,5000,0.0,True
Cell2,3600,1549.096289137773,estimated,-2.2552602791034407e-05,False,4800,5000,149.09628913777306,False
Cell2,3700,1784.289163640371,estimated,-1.8884595701204738e-05,False,4800,5000,484.28916364037104,False
Cell2,3800,1305.2565445110358,estimated,-2.325213703364944e-05,False,4800,5000,105.25654451103583,False
Cell2,3900,1492.7277734231502,estimated,-1.9445730578430697e-05,False,4800,5000,392.7277734231502,False
Cell2,4000,1229.8309699532538,estimated,-2.187602892137279e-05,False,4800,5000,229.83096995325377,False
Cell2,4100,1059.232552913384,estimated,-2.2840904639997374e-05,False,4800,5000,159.2325529133841,False
Cell2,4200,1234.5750058962267,estimated,-1.848027305691411e-05,False,4800,5000,434.5750058962267,False
Cell2,4300,942.0391809991288,estimated,-2.1767330555615737e-05,False,4800,5000,242.0391809991288,False
Cell2,4400,946.1231270397811,estimated,-1.984876337456257e-05,False,4800,5000,346.12312703978114,False
Cell2,4500,791.5760258193759,estimated,-2.0474422771075297e-05,False,4800,5000,291.5760258193759,False
Cell2,4600,666.7088284067895,estimated,-2.144684836170466e-05,False,4800,5000,266.7088284067895,False
Cell2,4800,575.5958849520875,estimated,-1.9015535969146682e-05,False,4800,5000,,
Cell2,5000,0.0,already_at_threshold,,False,4800,5000,,
Cell2,5100,0.0,already_at_threshold,,False,4800,5000,,
Cell2,5200,0.0,already_at_threshold,,False,4800,5000,,
Cell2,5300,0.0,already_at_threshold,,False,4800,5000,,
Cell2,5400,0.0,already_at_threshold,,False,4800,5000,,
Cell2,5500,0.0,already_at_threshold,,False,4800,5000,,
Cell2,5600,0.0,already_at_threshold,,False,4800,5000,,
Cell2,5700,0.0,already_at_threshold,,False,4800,5000,,
Cell2,5800,0.0,already_at_threshold,,False,4800,5000,,
Cell2,5900,0.0,already_at_threshold,,False,4800,5000,,
Cell2,6000,0.0,already_at_threshold,,False,4800,5000,,
Cell2,6100,0.0,already_at_threshold,,False,4800,5000,,
Cell2,6200,0.0,already_at_threshold,,False,4800,5000,,
Cell2,6300,0.0,already_at_threshold,,False,4800,5000,,
Cell2,6400,0.0,already_at_threshold,,False,4800,5000,,
Cell2,6500,0.0,already_at_threshold,,False,4800,5000,,
Cell2,6600,0.0,already_at_threshold,,False,4800,5000,,
Cell2,6700,0.0,already_at_threshold,,False,4800,5000,,
Cell2,6800,0.0,already_at_threshold,,False,4800,5000,,
Cell2,6900,0.0,already_at_threshold,,False,4800,5000,,
Cell2,7000,0.0,already_at_threshold,,False,4800,5000,,
Cell2,7100,0.0,already_at_threshold,,False,4800,5000,,
Cell2,7200,0.0,already_at_threshold,,False,4800,5000,,
Cell2,7300,0.0,already_at_threshold,,False,4800,5000,,
Cell2,7400,0.0,already_at_threshold,,False,4800,5000,,
Cell2,7500,0.0,already_at_threshold,,False,4800,5000,,
Cell2,7600,0.0,already_at_threshold,,False,4800,5000,,
Cell2,7700,0.0,already_at_threshold,,False,4800,5000,,
Cell3,0,,insufficient_history,,False,6000,6100,,
Cell3,100,,insufficient_history,,False,6000,6100,,
Cell3,200,,insufficient_history,,False,6000,6100,,
Cell3,300,,insufficient_history,,False,6000,6100,,
Cell3,400,2761.946777143814,estimated,-4.4619077849942524e-05,False,6000,6100,2838.053222856186,False
Cell3,500,3569.736346850676,estimated,-3.3888900749121604e-05,False,6000,6100,1930.263653149324,False
Cell3,600,3631.842406286052,estimated,-3.247170021669203e-05,False,6000,6100,1768.1575937139478,False
Cell3,700,3936.8349846314477,estimated,-2.9389959618760356e-05,False,6000,6100,1363.1650153685523,False
Cell3,800,4447.303643192722,estimated,-2.553191937650987e-05,False,6000,6100,752.6963568072779,False
Cell3,900,4591.368097332482,estimated,-2.422837507495833e-05,False,6000,6100,508.63190266751826,False
Cell3,1000,4610.099270430893,estimated,-2.3627102214854398e-05,False,6000,6100,389.90072956910717,False
Cell3,1100,4372.804979553127,estimated,-2.4355096226423937e-05,False,6000,6100,527.1950204468731,False
Cell3,1200,4537.4094003977725,estimated,-2.2995430504408393e-05,False,6000,6100,262.5905996022275,False
Cell3,1300,4413.661895030163,estimated,-2.3107603950398286e-05,False,6000,6100,286.33810496983733,False
Cell3,1400,4224.291945730405,estimated,-2.356620701107053e-05,False,6000,6100,375.70805426959487,False
Cell3,1600,3845.723899714544,estimated,-2.4569294436244373e-05,False,6000,6100,554.2761002854559,False
Cell3,1800,3515.6282567073704,estimated,-2.5380390098293194e-05,False,6000,6100,684.3717432926296,False
Cell3,1900,3313.4722388678365,estimated,-2.6078655842363466e-05,False,6000,6100,786.5277611321635,False
Cell3,2000,3123.9908176022936,estimated,-2.6752750307878843e-05,False,6000,6100,876.0091823977064,False
Cell3,2100,3059.254370530757,estimated,-2.6504125217196152e-05,False,6000,6100,840.7456294692429,False
Cell3,2200,2865.230463626519,estimated,-2.7278346834981486e-05,False,6000,6100,934.7695363734811,False
Cell3,2300,2915.2619434311327,estimated,-2.599671640024484e-05,False,6000,6100,784.7380565688673,False
Cell3,2400,2829.8471617826244,estimated,-2.586824560473993e-05,False,6000,6100,770.1528382173756,False
Cell3,2500,2819.0316432714244,estimated,-2.5150319512932986e-05,False,6000,6100,680.9683567285756,False
Cell3,2600,2686.9862264406956,estimated,-2.534780428996074e-05,False,6000,6100,713.0137735593044,False
Cell3,2700,2660.219065003991,estimated,-2.477833748093279e-05,False,6000,6100,639.7809349960089,False
Cell3,2800,2716.966539546498,estimated,-2.3464439363830102e-05,False,6000,6100,483.0334604535019,False
Cell3,2900,2311.3964478949383,estimated,-2.6201463634287407e-05,False,6000,6100,788.6035521050617,False
Cell3,3000,2471.062062515276,estimated,-2.3721649380778495e-05,False,6000,6100,528.937937484724,False
Cell3,3100,2332.269727179044,estimated,-2.4160281526449287e-05,False,6000,6100,567.7302728209561,False
Cell3,3200,2163.3999138523886,estimated,-2.4762994167359016e-05,False,6000,6100,636.6000861476114,False
Cell3,3500,1922.2516432639577,estimated,-2.4094633915487865e-05,False,6000,6100,577.7483567360423,False
Cell3,3600,1943.7786403648824,estimated,-2.3034822081033984e-05,False,6000,6100,456.22135963511755,False
Cell3,3700,2065.613622464997,estimated,-2.0945420309909578e-05,False,6000,6100,234.3863775350028,False
Cell3,3800,2059.833542559285,estimated,-1.9937270028656433e-05,False,6000,6100,140.16645744071502,False
Cell3,3900,2154.580862236853,estimated,-1.833732701170226e-05,False,6000,6100,0.0,True
Cell3,4000,1837.119769127844,estimated,-2.035848434667305e-05,False,6000,6100,162.88023087215606,False
Cell3,4100,1655.8057636940366,estimated,-2.115284020513208e-05,False,6000,6100,244.1942363059634,False
Cell3,4200,1822.104641625957,estimated,-1.8401354775824406e-05,False,6000,6100,0.0,True
Cell3,4300,1591.48900051498,estimated,-1.981683299032545e-05,False,6000,6100,108.51099948501997,False
Cell3,4400,1616.9019230467784,estimated,-1.845513403526111e-05,False,6000,6100,0.0,True
Cell3,4500,1346.2174130508174,estimated,-2.0235537845282778e-05,False,6000,6100,153.7825869491826,False
Cell3,4600,1144.287963472114,estimated,-2.1896691251165776e-05,False,6000,6100,255.71203652788608,False
Cell3,4800,1070.9582273773294,estimated,-2.003590177588729e-05,False,6000,6100,129.04177262267058,False
Cell3,5000,846.9040699813977,estimated,-2.0298235602481566e-05,False,6000,6100,153.0959300186023,False
Cell3,5100,812.7754205140973,estimated,-1.9079734926370528e-05,False,6000,6100,87.22457948590272,False
Cell3,5200,604.1297737518971,estimated,-2.133043759354201e-05,False,6000,6100,195.87022624810288,False
Cell3,5300,576.1863080253579,estimated,-1.9875657902965944e-05,False,6000,6100,123.8136919746421,False
Cell3,5400,645.4469092020036,estimated,-1.603897224668675e-05,False,6000,6100,0.0,True
Cell3,5500,446.1994935380262,estimated,-1.806704720137201e-05,False,6000,6100,53.80050646197378,False
Cell3,5600,495.28585328474674,estimated,-1.450961492402548e-05,False,6000,6100,0.0,True
Cell3,5700,359.58773190172724,estimated,-1.5703503906318455e-05,False,6000,6100,0.0,True
Cell3,5800,259.2810973363012,estimated,-1.532663992118937e-05,False,6000,6100,0.0,True
Cell3,5900,165.69573596264854,estimated,-1.4685088618489831e-05,False,6000,6100,0.0,True
Cell3,6000,12.741900824757067,estimated,-1.846395434372282e-05,False,6000,6100,,
Cell3,6100,0.0,already_at_threshold,,False,6000,6100,,
Cell3,6200,0.0,already_at_threshold,,False,6000,6100,,
Cell3,6300,0.0,already_at_threshold,,False,6000,6100,,
Cell3,6400,0.0,already_at_threshold,,False,6000,6100,,
Cell3,6500,0.0,already_at_threshold,,False,6000,6100,,
Cell3,6600,0.0,already_at_threshold,,False,6000,6100,,
Cell3,6700,0.0,already_at_threshold,,False,6000,6100,,
Cell3,6800,0.0,already_at_threshold,,False,6000,6100,,
Cell3,6900,0.0,already_at_threshold,,False,6000,6100,,
Cell3,7000,0.0,already_at_threshold,,False,6000,6100,,
Cell3,7100,0.0,already_at_threshold,,False,6000,6100,,
Cell3,7200,0.0,already_at_threshold,,False,6000,6100,,
Cell3,7300,0.0,already_at_threshold,,False,6000,6100,,
Cell3,7400,0.0,already_at_threshold,,False,6000,6100,,
Cell3,7500,0.0,already_at_threshold,,False,6000,6100,,
Cell3,7600,0.0,already_at_threshold,,False,6000,6100,,
Cell3,7700,0.0,already_at_threshold,,False,6000,6100,,
Cell3,7800,0.0,already_at_threshold,,False,6000,6100,,
Cell3,7900,0.0,already_at_threshold,,False,6000,6100,,
Cell3,8000,0.0,already_at_threshold,,False,6000,6100,,
Cell3,8100,0.0,already_at_threshold,,False,6000,6100,,
Cell4,0,,insufficient_history,,False,4300,4400,,
Cell4,100,,insufficient_history,,False,4300,4400,,
Cell4,200,,insufficient_history,,False,4300,4400,,
Cell4,300,,insufficient_history,,False,4300,4400,,
Cell4,400,2215.309791278506,estimated,-5.3723499593313124e-05,False,4300,4400,1684.690208721494,False
Cell4,500,2552.4450667147808,estimated,-4.5214852829810973e-05,False,4300,4400,1247.5549332852192,False
Cell4,600,2547.7003177846705,estimated,-4.366814813533922e-05,False,4300,4400,1152.2996822153295,False
Cell4,700,2811.481900686637,estimated,-3.859473456291377e-05,False,4300,4400,788.5180993133631,False
Cell4,800,3205.2878548887734,estimated,-3.302176679262373e-05,False,4300,4400,294.7121451112266,False
Cell4,900,3271.5312051109286,estimated,-3.1406873828341626e-05,False,4300,4400,128.46879488907143,False
Cell4,1000,3092.2780149638374,estimated,-3.2107195436266044e-05,False,4300,4400,207.72198503616255,False
Cell4,1100,2634.1041439315145,estimated,-3.615607565596452e-05,False,4300,4400,565.8958560684855,False
Cell4,1200,2436.875062786427,estimated,-3.7436622877061885e-05,False,4300,4400,663.124937213573,False
Cell4,1300,2230.4448171170548,estimated,-3.9050179352117454e-05,False,4300,4400,769.5551828829452,False
Cell4,1400,2048.235589145226,estimated,-4.0460674252417024e-05,False,4300,4400,851.7644108547738,False
Cell4,1600,1865.3041592341083,estimated,-4.018048821098097e-05,False,4300,4400,834.6958407658917,False
Cell4,1800,1724.1211669992726,estimated,-3.9078526874989825e-05,False,4300,4400,775.8788330007274,False
Cell4,1900,1654.1437557517474,estimated,-3.849907179585728e-05,False,4300,4400,745.8562442482526,False
Cell4,2000,1570.5706994752563,estimated,-3.8132991362015184e-05,False,4300,4400,729.4293005247437,False
Cell4,2100,1552.5421568044258,estimated,-3.6485824029820237e-05,False,4300,4400,647.4578431955742,False
Cell4,2200,1471.628786156271,estimated,-3.6025009010612665e-05,False,4300,4400,628.371213843729,False
Cell4,2300,1515.9446936566746,estimated,-3.3139844567718416e-05,False,4300,4400,484.05530634332536,False
Cell4,2400,1558.8063611863486,estimated,-3.0510451908769118e-05,False,4300,4400,341.19363881365143,False
Cell4,2500,1650.9079559045704,estimated,-2.748774718364141e-05,False,4300,4400,149.09204409542963,False
Cell4,2600,1454.1093577614424,estimated,-2.8788719377390552e-05,False,4300,4400,245.89064223855758,False
Cell4,2700,1313.1097194886624,estimated,-2.9690855458899185e-05,False,4300,4400,286.89028051133755,False
Cell4,2800,1327.3513321408573,estimated,-2.7646201903069065e-05,False,4300,4400,172.64866785914273,False
Cell4,2900,1078.5849260898462,estimated,-3.062056618226462e-05,False,4300,4400,321.41507391015375,False
Cell4,3000,1279.2010537607248,estimated,-2.4589851652123797e-05,False,4300,4400,20.79894623927521,False
Cell4,3100,1116.1569128295905,estimated,-2.5842361491465824e-05,False,4300,4400,83.84308717040949,False
Cell4,3200,957.61389656146,estimated,-2.6975497876752993e-05,False,4300,4400,142.38610343853998,False
Cell4,3300,1093.5684413469362,estimated,-2.218852504456632e-05,False,4300,4400,0.0,True
Cell4,3500,668.9889120535654,estimated,-2.7210968624395738e-05,False,4300,4400,131.0110879464346,False
Cell4,3600,677.2051784718178,estimated,-2.4364976711473997e-05,False,4300,4400,22.794821528182183,False
Cell4,3700,647.533778666384,estimated,-2.2529061173486985e-05,False,4300,4400,0.0,True
Cell4,3800,410.2629944821574,estimated,-2.6874385408983262e-05,False,4300,4400,89.73700551784259,False
Cell4,3900,426.8159581155751,estimated,-2.244314836736401e-05,False,4300,4400,0.0,True
Cell4,4000,378.51039800586204,estimated,-2.1135975257558075e-05,False,4300,4400,0.0,True
Cell4,4100,243.55128703882838,estimated,-2.1915878204464176e-05,False,4300,4400,0.0,True
Cell4,4200,200.6182337010041,estimated,-1.8680286555823562e-05,False,4300,4400,0.618233701004101,False
Cell4,4300,59.1013664227894,estimated,-2.2339245921410027e-05,False,4300,4400,,
Cell4,4400,0.0,already_at_threshold,,False,4300,4400,,
Cell4,4500,0.0,already_at_threshold,,False,4300,4400,,
Cell4,4600,0.0,already_at_threshold,,False,4300,4400,,
Cell4,4800,0.0,already_at_threshold,,False,4300,4400,,
Cell4,5000,0.0,already_at_threshold,,False,4300,4400,,
Cell4,5100,0.0,already_at_threshold,,False,4300,4400,,
Cell5,0,,insufficient_history,,False,4800,5000,,
Cell5,100,,insufficient_history,,False,4800,5000,,
Cell5,200,,insufficient_history,,False,4800,5000,,
Cell5,300,,insufficient_history,,False,4800,5000,,
Cell5,400,2325.5818469010637,estimated,-5.186262331921756e-05,False,4800,5000,2074.4181530989363,False
Cell5,500,2877.384567745633,estimated,-4.09120061430117e-05,False,4800,5000,1422.615432254367,False
Cell5,600,3009.951923025316,estimated,-3.8000719418873495e-05,False,4800,5000,1190.0480769746841,False
Cell5,700,3261.36430070241,estimated,-3.4246314030372165e-05,False,4800,5000,838.6356992975898,False
Cell5,800,3579.361358719547,estimated,-3.0459301553145553e-05,False,4800,5000,420.63864128045316,False
Cell5,900,3657.8590715584533,estimated,-2.9049045881240663e-05,False,4800,5000,242.14092844154675,False
Cell5,1000,3633.890586546875,estimated,-2.848093093664306e-05,False,4800,5000,166.10941345312494,False
Cell5,1100,3445.049787761922,estimated,-2.9179151923976766e-05,False,4800,5000,254.95021223807817,False
Cell5,1200,3467.7527076639462,estimated,-2.8200814740485196e-05,False,4800,5000,132.24729233605376,False
Cell5,1300,3387.865136922421,estimated,-2.8053007954307776e-05,False,4800,5000,112.13486307757921,False
Cell5,1400,3360.2200454541116,estimated,-2.74999610296124e-05,False,4800,5000,39.77995454588836,False
Cell5,1600,3136.3973208664456,estimated,-2.7667494743512737e-05,False,4800,5000,63.602679133554375,False
Cell5,1800,2836.0909920967133,estimated,-2.851234452618653e-05,False,4800,5000,163.9090079032867,False
Cell5,1900,2654.9093768030634,estimated,-2.9281128146696304e-05,False,4800,5000,245.09062319693658,False
Cell5,2000,2493.7056950398246,estimated,-2.9927918795130862e-05,False,4800,5000,306.2943049601754,False
Cell5,2100,2442.394927531491,estimated,-2.9420730462249416e-05,False,4800,5000,257.6050724685092,False
Cell5,2200,2405.886166943218,estimated,-2.8713436836967957e-05,False,4800,5000,194.1138330567819,False
Cell5,2300,2522.300159587473,estimated,-2.648338228613022e-05,False,4800,5000,0.0,True
Cell5,2400,2376.119360064313,estimated,-2.6900862546257688e-05,False,4800,5000,23.880639935687213,False
Cell5,2500,2310.301557487568,estimated,-2.6571280477908704e-05,False,4800,5000,0.0,True
Cell5,2600,2134.063390581745,estimated,-2.738381688412123e-05,False,4800,5000,65.9366094182551,False
Cell5,2700,2135.153502829664,estimated,-2.6303851355648223e-05,False,4800,5000,0.0,True
Cell5,2800,2314.145890844922,estimated,-2.3419905508870692e-05,False,4800,5000,114.14589084492218,False
Cell5,2900,2071.6033967417898,estimated,-2.4814981319638074e-05,False,4800,5000,0.0,True
Cell5,3000,2295.102140831219,estimated,-2.16755153792968e-05,False,4800,5000,295.102140831219,False
Cell5,3100,2171.3810436193826,estimated,-2.1931592702365466e-05,False,4800,5000,271.3810436193826,False
Cell5,3200,1978.4907634851988,estimated,-2.2768438157386177e-05,False,4800,5000,178.49076348519884,False
Cell5,3300,2111.5068182933474,estimated,-2.052311817047169e-05,False,4800,5000,411.50681829334735,False
Cell5,3500,1472.4534001023258,estimated,-2.5482097646988596e-05,False,4800,5000,0.0,True
Cell5,3600,1540.0272634748371,estimated,-2.3302379555427654e-05,False,4800,5000,140.02726347483713,False
Cell5,3700,1588.15166152031,estimated,-2.148298027877657e-05,False,4800,5000,288.15166152031,False
Cell5,3800,1305.5304689515333,estimated,-2.392543378350466e-05,False,4800,5000,105.5304689515333,False
Cell5,3900,1518.098808581074,estimated,-1.9690953980682993e-05,False,4800,5000,418.0988085810741,False
Cell5,4000,1304.3249550003466,estimated,-2.1279555896976177e-05,False,4800,5000,304.32495500034656,False
Cell5,4100,1173.993289930998,estimated,-2.1611423660471827e-05,False,4800,5000,273.9932899309979,False
Cell5,4200,1275.1352590721617,estimated,-1.8712670955297838e-05,False,4800,5000,475.1352590721617,False
Cell5,4300,1118.2173197159054,estimated,-1.9676368960906836e-05,False,4800,5000,418.21731971590543,False
Cell5,4400,1147.2896435753337,estimated,-1.7799806351905183e-05,False,4800,5000,547.2896435753337,False
Cell5,4500,983.1975168379468,estimated,-1.848899859310285e-05,False,4800,5000,483.19751683794675,False
Cell5,4600,871.2282287818944,estimated,-1.8926057493604276e-05,False,4800,5000,471.22822878189436,False
Cell5,4800,738.3766794557305,estimated,-1.7816970340418808e-05,False,4800,5000,,
Cell5,5000,0.0,already_at_threshold,,False,4800,5000,,
Cell6,0,,insufficient_history,,False,4500,4600,,
Cell6,100,,insufficient_history,,False,4500,4600,,
Cell6,200,,insufficient_history,,False,4500,4600,,
Cell6,300,,insufficient_history,,False,4500,4600,,
Cell6,400,2375.0402674658962,estimated,-5.016549697077467e-05,False,4500,4600,1724.9597325341038,False
Cell6,500,2748.2558886745915,estimated,-4.2117997558617365e-05,False,4500,4600,1251.7441113254085,False
Cell6,600,2769.4326674963713,estimated,-4.0441294896491207e-05,False,4500,4600,1130.5673325036287,False
Cell6,700,3102.1767852720673,estimated,-3.5326395810506204e-05,False,4500,4600,697.8232147279327,False
Cell6,800,3484.557434545405,estimated,-3.068611675377826e-05,False,4500,4600,215.44256545459484,False
Cell6,900,3599.0442434498527,estimated,-2.8937585227071825e-05,False,4500,4600,0.9557565501472709,False
Cell6,1000,3406.1765803825365,estimated,-2.9655354869690623e-05,False,4500,4600,93.82341961746351,False
Cell6,1100,3050.947670214512,estimated,-3.2007248738694945e-05,False,4500,4600,349.0523297854879,False
Cell6,1200,3147.9098866763215,estimated,-3.012745994161614e-05,False,4500,4600,152.09011332367845,False
Cell6,1300,3013.9830065024435,estimated,-3.0447233467423527e-05,False,4500,4600,186.01699349755654,False
Cell6,1400,2969.7453524311313,estimated,-2.991585149540839e-05,False,4500,4600,130.25464756886868,False
Cell6,1600,2681.6174138622155,estimated,-3.0774718326578145e-05,False,4500,4600,218.38258613778453,False
Cell6,1800,2584.9067821367125,estimated,-2.9750783428166993e-05,False,4500,4600,115.09321786328746,False
Cell6,1900,2508.8823593108964,estimated,-2.9494894158865144e-05,False,4500,4600,91.11764068910361,False
Cell6,2000,2375.058492717587,estimated,-2.9833685953442587e-05,False,4500,4600,124.94150728241311,False
Cell6,2100,2330.6558756479653,estimated,-2.9189332185802328e-05,False,4500,4600,69.34412435203467,False
Cell6,2200,2044.6980045161727,estimated,-3.15619006518352e-05,False,4500,4600,255.30199548382734,False
Cell6,2300,2106.9164939130287,estimated,-2.942980223326305e-05,False,4500,4600,93.08350608697128,False
Cell6,2400,1949.5237804846001,estimated,-3.0129690671783528e-05,False,4500,4600,150.47621951539986,False
Cell6,2500,1918.1545622946223,estimated,-2.923863506106258e-05,False,4500,4600,81.84543770537766,False
Cell6,2600,1753.2979977126897,estimated,-3.0093540531514986e-05,False,4500,4600,146.70200228731028,False
Cell6,2700,1817.384169179586,estimated,-2.7861900197489487e-05,False,4500,4600,0.0,True
Cell6,2800,2128.765239661133,estimated,-2.3013342324245358e-05,False,4500,4600,328.7652396611329,False
Cell6,2900,1814.0781951805966,estimated,-2.5309232631974656e-05,False,4500,4600,114.0781951805966,False
Cell6,3000,2049.979701433471,estimated,-2.16046726979102e-05,False,4500,4600,449.97970143347084,False
Cell6,3100,1761.237238893168,estimated,-2.3733580485931998e-05,False,4500,4600,261.23723889316807,False
Cell6,3200,1512.3377314774734,estimated,-2.5624575316338617e-05,False,4500,4600,112.33773147747343,False
Cell6,3300,1611.8312078624776,estimated,-2.286480167150926e-05,False,4500,4600,311.83120786247764,False
Cell6,3500,1149.5077094558828,estimated,-2.697279666803019e-05,False,4500,4600,49.50770945588283,False
Cell6,3600,1263.1922157031668,estimated,-2.345509479168742e-05,False,4500,4600,263.19221570316677,False
Cell6,3700,1357.5324251570064,estimated,-2.0652951823542677e-05,False,4500,4600,457.5324251570064,False
Cell6,3800,1045.5035932419687,estimated,-2.3859533445036146e-05,False,4500,4600,245.5035932419687,False
Cell6,3900,1162.8508821419982,estimated,-2.0231440779690393e-05,False,4500,4600,462.8508821419982,False
Cell6,4000,952.4801807836475,estimated,-2.2287978131771097e-05,False,4500,4600,352.4801807836475,False
Cell6,4100,759.651702216076,estimated,-2.4088754682915207e-05,False,4500,4600,259.65170221607605,False
Cell6,4200,810.7847491970397,estimated,-2.0632651043914158e-05,False,4500,4600,410.7847491970397,False
Cell6,4300,680.9715904921359,estimated,-2.167646513296479e-05,False,4500,4600,380.9715904921359,False
Cell6,4400,741.90836923813,estimated,-1.8070783342359774e-05,False,4500,4600,541.90836923813,False
Cell6,4500,548.4481049865117,estimated,-1.9549837390103255e-05,False,4500,4600,,
Cell6,4600,0.0,already_at_threshold,,False,4500,4600,,
Cell6,4800,0.0,already_at_threshold,,False,4500,4600,,
Cell6,5000,0.0,already_at_threshold,,False,4500,4600,,
Cell7,0,,insufficient_history,,False,7300,7400,,
Cell7,100,,insufficient_history,,False,7300,7400,,
Cell7,200,,insufficient_history,,False,7300,7400,,
Cell7,300,,insufficient_history,,False,7300,7400,,
Cell7,400,2715.966019137488,estimated,-4.3183850518229734e-05,False,7300,7400,4184.033980862512,False
Cell7,500,3681.8167053212283,estimated,-3.134983830033017e-05,False,7300,7400,3118.1832946787717,False
Cell7,600,3952.740434052632,estimated,-2.8570420820786952e-05,False,7300,7400,2747.259565947368,False
Cell7,700,4830.163203166657,estimated,-2.31412655211044e-05,False,7300,7400,1769.8367968333432,False
Cell7,800,5838.046000990646,estimated,-1.888925156541672e-05,False,7300,7400,661.9539990093544,False
Cell7,900,6058.826546889598,estimated,-1.7895587103299032e-05,False,7300,7400,341.1734531104021,False
Cell7,1000,5576.281107417114,estimated,-1.9058886146595524e-05,False,7300,7400,723.7188925828859,False
Cell7,1100,4660.678948562377,estimated,-2.2272795188042725e-05,False,7300,7400,1539.3210514376233,False
Cell7,1200,4961.689041349057,estimated,-2.0547537396335048e-05,False,7300,7400,1138.3109586509427,False
Cell7,1300,4992.7281916253605,estimated,-2.0035534396887545e-05,False,7300,7400,1007.2718083746395,False
Cell7,1400,5069.815695167033,estimated,-1.9369178714532007e-05,False,7300,7400,830.1843048329674,False
Cell7,1600,4987.686635095656,estimated,-1.8937979269617045e-05,False,7300,7400,712.3133649043439,False
Cell7,1800,4717.245316324451,estimated,-1.919203463702833e-05,False,7300,7400,782.7546836755491,False
Cell7,1900,4467.582545977061,estimated,-1.9777670353999077e-05,False,7300,7400,932.4174540229387,False
Cell7,2000,4214.174244442909,estimated,-2.044429017896758e-05,False,7300,7400,1085.8257555570908,False
Cell7,2100,4121.90208978048,estimated,-2.0430500297409707e-05,False,7300,7400,1078.0979102195197,False
Cell7,2200,3952.7087116088596,estimated,-2.075812187265735e-05,False,7300,7400,1147.2912883911404,False
Cell7,2300,4127.495623660979,estimated,-1.945801129834713e-05,False,7300,7400,872.5043763390213,False
Cell7,2400,3836.5058988300116,estimated,-2.0347789306494862e-05,False,7300,7400,1063.4941011699884,False
Cell7,2500,3732.862139054433,estimated,-2.039167316874532e-05,False,7300,7400,1067.137860945567,False
Cell7,2600,3406.0412244419986,estimated,-2.1616133985494565e-05,False,7300,7400,1293.9587755580014,False
Cell7,2700,3304.3680154604253,estimated,-2.1672522971378024e-05,False,7300,7400,1295.6319845395747,False
Cell7,2800,3502.4540714154236,estimated,-1.9949151184203718e-05,False,7300,7400,997.5459285845764,False
Cell7,2900,3057.445951313455,estimated,-2.2004410322139677e-05,False,7300,7400,1342.5540486865448,False
Cell7,3000,3342.331479673224,estimated,-1.964664894393975e-05,False,7300,7400,957.6685203267762,False
Cell7,3100,3157.944670554123,estimated,-2.0172144472571695e-05,False,7300,7400,1042.0553294458769,False
Cell7,3200,2861.9722588071463,estimated,-2.1396201844370787e-05,False,7300,7400,1238.0277411928537,False
Cell7,3300,3109.225225599417,estimated,-1.9182194104394054e-05,False,7300,7400,890.7747744005828,False
Cell7,3500,2682.9626052841595,estimated,-2.0654204435227674e-05,False,7300,7400,1117.0373947158405,False
Cell7,3600,2998.7792366114527,estimated,-1.810000862361651e-05,False,7300,7400,701.2207633885473,False
Cell7,3700,3381.159815546136,estimated,-1.570259413375859e-05,False,7300,7400,218.8401844538639,False
Cell7,3800,2888.6928607459176,estimated,-1.7622833667688517e-05,False,7300,7400,611.3071392540824,False
Cell7,3900,3194.884624034107,estimated,-1.5552328194549323e-05,False,7300,7400,205.11537596589278,False
Cell7,4000,2891.7652642743833,estimated,-1.6606253045502236e-05,False,7300,7400,408.2347357256167,False
Cell7,4100,2501.0399943840466,estimated,-1.8299925848148218e-05,False,7300,7400,698.9600056159534,False
Cell7,4200,2669.735285202505,estimated,-1.6607924216396596e-05,False,7300,7400,430.2647147974949,False
Cell7,4300,2387.9850127576783,estimated,-1.7832265282985393e-05,False,7300,7400,612.0149872423217,False
Cell7,4400,2569.2973504802303,estimated,-1.6048388169297452e-05,False,7300,7400,330.7026495197697,False
Cell7,4500,2377.9351650663157,estimated,-1.648985960713467e-05,False,7300,7400,422.0648349336843,False
Cell7,4600,2181.563224883398,estimated,-1.724011105379531e-05,False,7300,7400,518.4367751166019,False
Cell7,4800,2130.5691751135546,estimated,-1.6226815585330856e-05,False,7300,7400,369.4308248864454,False
Cell7,5000,1910.1630818864378,estimated,-1.633146825456091e-05,False,7300,7400,389.8369181135622,False
Cell7,5100,1945.9757733895449,estimated,-1.53392224825138e-05,False,7300,7400,254.02422661045512,False
Cell7,5200,1528.00089171743,estimated,-1.7955849150586204e-05,False,7300,7400,571.99910828257,False
Cell7,5300,1573.7830572166813,estimated,-1.6665851392817237e-05,False,7300,7400,426.2169427833187,False
Cell7,5400,1805.9664641236132,estimated,-1.3983610485415583e-05,False,7300,7400,94.03353587638685,False
Cell7,5500,1392.7144195396831,estimated,-1.651262306874899e-05,False,7300,7400,407.28558046031685,False
Cell7,5600,1685.5028110768326,estimated,-1.3170756013084935e-05,False,7300,7400,14.497188923167414,False
Cell7,5700,1418.4031405216847,estimated,-1.4638976885101311e-05,False,7300,7400,181.5968594783153,False
Cell7,5800,1437.2919241554255,estimated,-1.3540683669433199e-05,False,7300,7400,62.70807584457452,False
Cell7,5900,1560.5465116066052,estimated,-1.1741341320785166e-05,False,7300,7400,60.546511606605236,False
Cell7,6000,1140.4951991267208,estimated,-1.460235066460562e-05,False,7300,7400,159.50480087327924,False
Cell7,6100,872.688344420747,estimated,-1.6660237592238686e-05,False,7300,7400,327.31165557925306,False
Cell7,6200,905.1666219769459,estimated,-1.486562752386843e-05,False,7300,7400,194.83337802305414,False
Cell7,6300,903.9817431028732,estimated,-1.3668740985392765e-05,False,7300,7400,96.01825689712678,False
Cell7,6400,676.9041268378942,estimated,-1.5339567071400427e-05,False,7300,7400,223.09587316210582,False
Cell7,6500,796.2646493213342,estimated,-1.2138180515146786e-05,False,7300,7400,3.7353506786657817,False
Cell7,6600,649.0465612502621,estimated,-1.2988176155107169e-05,False,7300,7400,50.95343874973787,False
Cell7,6700,544.0229073343689,estimated,-1.29006637325339e-05,False,7300,7400,55.97709266563106,False
Cell7,6800,758.9337704545569,estimated,-8.840870497623034e-06,False,7300,7400,158.9337704545569,False
Cell7,6900,567.4470877220838,estimated,-1.0007445638658002e-05,False,7300,7400,67.44708772208378,False
Cell7,7000,307.01850905794345,estimated,-1.2376810179351292e-05,False,7300,7400,0.0,True
Cell7,7100,566.7610266309903,estimated,-7.253532239010377e-06,False,7300,7400,266.7610266309903,False
Cell7,7200,224.01298881573348,estimated,-1.0856931294966468e-05,False,7300,7400,24.01298881573348,False
Cell7,7300,99.12704010360721,estimated,-1.1190945751780631e-05,False,7300,7400,,
Cell7,7400,0.0,already_at_threshold,,False,7300,7400,,
Cell7,7500,0.0,already_at_threshold,,False,7300,7400,,
Cell7,7600,0.0,already_at_threshold,,False,7300,7400,,
Cell7,7700,0.0,already_at_threshold,,False,7300,7400,,
Cell7,7800,0.0,already_at_threshold,,False,7300,7400,,
Cell7,7900,0.0,already_at_threshold,,False,7300,7400,,
Cell7,8000,0.0,already_at_threshold,,False,7300,7400,,
Cell7,8100,0.0,already_at_threshold,,False,7300,7400,,
Cell8,0,,insufficient_history,,False,5800,5900,,
Cell8,100,,insufficient_history,,False,5800,5900,,
Cell8,300,,insufficient_history,,False,5800,5900,,
Cell8,400,,insufficient_history,,False,5800,5900,,
Cell8,500,2834.1667487223503,estimated,-4.015101953083358e-05,False,5800,5900,2465.8332512776497,False
Cell8,600,3410.0504894699498,estimated,-3.270223815249314e-05,False,5800,5900,1789.9495105300502,False
Cell8,700,4095.2500021003616,estimated,-2.6836023130909804e-05,False,5800,5900,1004.7499978996384,False
Cell8,800,4579.291753689079,estimated,-2.3541595154459932e-05,False,5800,5900,420.7082463109209,False
Cell8,900,4701.69088847098,estimated,-2.2462567315334988e-05,False,5800,5900,198.3091115290199,False
Cell8,1000,4640.989897826621,estimated,-2.2283295629513572e-05,False,5800,5900,159.01010217337898,False
Cell8,1100,4378.760699647548,estimated,-2.309896968514402e-05,False,5800,5900,321.2393003524521,False
Cell8,1200,4789.712799186806,estimated,-2.0736624333909844e-05,False,5800,5900,89.71279918680557,False
Cell8,1300,4770.53486201255,estimated,-2.0401816228663922e-05,False,5800,5900,170.53486201254964,False
Cell8,1400,4784.683007369101,estimated,-1.9942147069925662e-05,False,5800,5900,284.6830073691008,False
Cell8,1600,4741.387440593818,estimated,-1.9328235711354652e-05,False,5800,5900,441.3874405938177,False
Cell8,1800,4598.820155092797,estimated,-1.910321568707358e-05,False,5800,5900,498.820155092797,False
Cell8,1900,4367.635336024226,estimated,-1.9617191905936416e-05,False,5800,5900,367.6353360242256,False
Cell8,2000,4109.948776217235,estimated,-2.0309114445255147e-05,False,5800,5900,209.9487762172348,False
Cell8,2100,4011.8272109693826,estimated,-2.0324131499633177e-05,False,5800,5900,211.82721096938258,False
Cell8,2200,3769.735250062138,estimated,-2.1034651219696802e-05,False,5800,5900,69.73525006213822,False
Cell8,2300,3973.4812438154822,estimated,-1.952326054641419e-05,False,5800,5900,373.48124381548223,False
Cell8,2400,3417.9603766088576,estimated,-2.1907067847459945e-05,False,5800,5900,0.0,True
Cell8,2500,3073.1129982870298,estimated,-2.3552055208265264e-05,False,5800,5900,226.88700171297023,False
Cell8,2600,2628.8376314565803,estimated,-2.632307231523982e-05,False,5800,5900,571.1623685434197,False
Cell8,2700,2512.5450919735986,estimated,-2.6576291800476842e-05,False,5800,5900,587.4549080264014,False
Cell8,2800,2647.3835825215165,estimated,-2.4402194958713393e-05,False,5800,5900,352.6164174784835,False
Cell8,2900,2219.257162458436,estimated,-2.758504441898588e-05,False,5800,5900,680.7428375415639,False
Cell8,3000,2370.1495447005154,estimated,-2.4961925493380917e-05,False,5800,5900,429.85045529948457,False
Cell8,3100,2245.934586187356,estimated,-2.529527211701136e-05,False,5800,5900,454.0654138126438,False
Cell8,3200,2131.5307863053913,estimated,-2.5370985893429764e-05,False,5800,5900,468.4692136946087,False
Cell8,3300,2416.5079550279897,estimated,-2.168788674523984e-05,False,5800,5900,83.49204497201026,False
Cell8,3500,1926.2429674289278,estimated,-2.4499683343914833e-05,False,5800,5900,373.75703257107216,False
Cell8,3600,2098.2034763454412,estimated,-2.1809626707517425e-05,False,5800,5900,101.79652365455877,False
Cell8,3700,2215.321525661371,estimated,-1.9878244812748827e-05,False,5800,5900,15.321525661371197,False
Cell8,3800,1734.5636421226563,estimated,-2.3572352870788515e-05,False,5800,5900,265.43635787734365,False
Cell8,3900,1771.1757760219425,estimated,-2.20187634179821e-05,False,5800,5900,128.8242239780575,False
Cell8,4000,1573.0166240863055,estimated,-2.3352468144572105e-05,False,5800,5900,226.98337591369454,False
Cell8,4100,1404.8818789133002,estimated,-2.4185072475179202e-05,False,5800,5900,295.11812108669983,False
Cell8,4200,1559.8893759387993,estimated,-2.0744925543948774e-05,False,5800,5900,40.110624061200724,False
Cell8,4300,1379.8927041795778,estimated,-2.191836425021317e-05,False,5800,5900,120.10729582042222,False
Cell8,4400,1409.9589622524363,estimated,-2.0162467256842662e-05,False,5800,5900,0.0,True
Cell8,4500,1226.8524768019552,estimated,-2.1047951059682492e-05,False,5800,5900,73.14752319804484,False
Cell8,4600,1074.6630970900487,estimated,-2.2128748967973214e-05,False,5800,5900,125.33690290995128,False
Cell8,4800,976.2831085763501,estimated,-2.0492321979833796e-05,False,5800,5900,23.71689142364994,False
Cell8,5000,752.9836794934963,estimated,-2.075297342182287e-05,False,5800,5900,47.01632050650369,False
Cell8,5100,704.317665888906,estimated,-1.9690770918472122e-05,False,5800,5900,0.0,True
Cell8,5200,460.8953111176352,estimated,-2.3240808870289814e-05,False,5800,5900,139.10468888236483,False
Cell8,5300,411.5186015829595,estimated,-2.196813896214245e-05,False,5800,5900,88.48139841704051,False
Cell8,5400,412.5419199210128,estimated,-1.8643930056915134e-05,False,5800,5900,0.0,True
Cell8,5500,237.8557529098889,estimated,-2.106799094748959e-05,False,5800,5900,62.144247090111094,False
Cell8,5600,230.53183481808537,estimated,-1.6913307073286238e-05,False,5800,5900,0.0,True
Cell8,5700,104.2799136668009,estimated,-1.8968826045220597e-05,False,5800,5900,0.0,True
Cell8,5800,10.498270480889005,estimated,-1.799442371964461e-05,False,5800,5900,,
Cell8,5900,0.0,already_at_threshold,,False,5800,5900,,
Cell8,6000,0.0,already_at_threshold,,False,5800,5900,,
Cell8,6100,0.0,already_at_threshold,,False,5800,5900,,
Cell8,6200,0.0,already_at_threshold,,False,5800,5900,,
Cell8,6300,0.0,already_at_threshold,,False,5800,5900,,
Cell8,6400,0.0,already_at_threshold,,False,5800,5900,,
Cell8,6500,0.0,already_at_threshold,,False,5800,5900,,
Cell8,6600,0.0,already_at_threshold,,False,5800,5900,,
Cell8,6700,0.0,already_at_threshold,,False,5800,5900,,
Cell8,6800,0.0,already_at_threshold,,False,5800,5900,,
Cell8,6900,0.0,already_at_threshold,,False,5800,5900,,
Cell8,7000,0.0,already_at_threshold,,False,5800,5900,,
Cell8,7100,0.0,already_at_threshold,,False,5800,5900,,
Cell8,7200,0.0,already_at_threshold,,False,5800,5900,,
Cell8,7300,0.0,already_at_threshold,,False,5800,5900,,
Cell8,7400,0.0,already_at_threshold,,False,5800,5900,,
Cell8,7500,0.0,already_at_threshold,,False,5800,5900,,
Cell8,7600,0.0,already_at_threshold,,False,5800,5900,,
Cell8,7700,0.0,already_at_threshold,,False,5800,5900,,
Cell8,7800,0.0,already_at_threshold,,False,5800,5900,,
Cell8,7900,0.0,already_at_threshold,,False,5800,5900,,
Cell8,8000,0.0,already_at_threshold,,False,5800,5900,,
Cell8,8100,0.0,already_at_threshold,,False,5800,5900,,
