battery_id,true_rul_cycles,cycle,current_capacity_ah,initial_capacity_ah,drop_from_initial_ah,local_slope_ah_per_cycle,local_std_ah,local_mean_ah
B0005,95,30,1.804077040117352,1.8564874208181572,0.05241038070080517,-0.0009037237713061332,0.015407111705709952,1.822995904515898
B0005,94,31,1.8518025516704488,1.8564874208181572,0.0046848691477083815,-0.00048689846032681333,0.015087282049753764,1.8228397422109746
B0005,93,32,1.8307038456739428,1.8564874208181572,0.025783575144214366,-0.00027417949854627836,0.014526788065836271,1.8223189620761082
B0005,92,33,1.8199041089501269,1.8564874208181572,0.03658331186803032,-0.0001998955261519387,0.014328200657517562,1.8218041259003324
B0005,91,34,1.809307963702852,1.8564874208181572,0.047179457115305246,-0.00018769936410334686,0.014272924099023714,1.8209389737710233
B0005,90,35,1.80460990458052,1.8564874208181572,0.051877516237637256,-0.00019852037385931033,0.014329676705847432,1.8199377869833058
B0005,89,36,1.7993770651972192,1.8564874208181572,0.057110355620938025,-0.00022272968780475818,0.014481950148284448,1.8187283004876282
B0005,88,37,1.7884432335370462,1.8564874208181572,0.06804418728111106,-0.00030489071696627204,0.015129155893394381,1.8171715368414414
B0005,87,38,1.7829230484252725,1.8564874208181572,0.07356437239288471,-0.00046664006036792707,0.016232514150931698,1.8157437454367318
B0005,86,39,1.7730337158018288,1.8564874208181572,0.08345370501632843,-0.0006799120348479506,0.017849560715671783,1.814019074197155
B0005,85,40,1.773037755078937,1.8564874208181572,0.0834496657392203,-0.000871244233098249,0.01918051816291467,1.812299890416555
B0005,84,41,1.7678721106662054,1.8564874208181572,0.08861531015195179,-0.001072911882129017,0.020616724149079325,1.8104083090158805
B0005,83,42,1.762315070409309,1.8564874208181572,0.0941723504088483,-0.001357027897767265,0.02233107392179945,1.8086787468372776
B0005,82,43,1.7676172924938447,1.8564874208181572,0.08887012832431251,-0.0015869514656233108,0.023487345446050297,1.8071409179952422
B0005,81,44,1.762668359743147,1.8564874208181572,0.09381906107501026,-0.0018304258619486014,0.0247668183368112,1.8054485136042275
B0005,80,45,1.7517304870664143,1.8564874208181572,0.10475693375174289,-0.002196652464568768,0.026578882308131737,1.8037529297187533
B0005,79,46,1.7418496047960008,1.8564874208181572,0.11463781602215639,-0.0026073806817901737,0.028810524915647198,1.8017443532037483
B0005,78,47,1.7360913511847138,1.8564874208181572,0.1203960696334434,-0.0030251887979761576,0.031125366813682623,1.7995280815490315
B0005,77,48,1.7936240148573608,1.8564874208181572,0.06286340596079643,-0.0030388641526574948,0.031135727267644034,1.7992132715681632
B0005,76,49,1.7831890223273277,1.8564874208181572,0.07329839849082953,-0.003117664659952196,0.03125928495669097,1.7985603181550873
B0005,75,50,1.7673642076278957,1.8564874208181572,0.08912321319026151,-0.002984683842416212,0.030401222026632767,1.79590492524492
B0005,74,51,1.7570177850353066,1.8564874208181572,0.09946963578285062,-0.0028803107832122547,0.029616048746955188,1.7928916077033084
B0005,73,52,1.7468706179837907,1.8564874208181572,0.10961680283436648,-0.002878697541584648,0.02960389799546699,1.7899147142578384
B0005,72,53,1.7417172507457144,1.8564874208181572,0.11477017007244283,-0.002942296965152704,0.03005150618634249,1.7871125976967748
B0005,71,54,1.7364225056478186,1.8564874208181572,0.12006491517033857,-0.0030072536390741054,0.03052648726383214,1.7841562264347743
B0005,70,55,1.7263217239235826,1.8564874208181572,0.13016569689457458,-0.003094687890791763,0.03122838024494406,1.7808475670915478
B0005,69,56,1.7158065389330133,1.8564874208181572,0.14068088188514394,-0.003285455286492632,0.03269247432104826,1.7775734141390354
B0005,68,57,1.710533351135192,1.8564874208181572,0.14595406968296532,-0.003461449201471254,0.034064942854811826,1.7740988860396785
B0005,67,58,1.706014499648521,1.8564874208181572,0.1504729211696363,-0.0036257343232849837,0.0353411758760315,1.7705003897376175
B0005,66,59,1.7003110272642588,1.8564874208181572,0.15617639355389845,-0.003856049778989323,0.036970962275479975,1.767085235140832
B0005,65,60,1.6945798601797897,1.8564874208181572,0.16190756063836753,-0.0040687104952513925,0.0385117051021548,1.763435329142913
B0005,64,61,1.6849029086609286,1.8564874208181572,0.17158451215722859,-0.0039659421516749956,0.03738297365760909,1.7578720077092627
B0005,63,62,1.6744741591159715,1.8564874208181572,0.18201326170218568,-0.004001704250073294,0.0377543532211883,1.7526643514906632
B0005,62,63,1.6745692479879102,1.8564874208181572,0.18191817283024703,-0.004041821162272716,0.03813804826418639,1.7478198561252567
B0005,61,64,1.663716375981405,1.8564874208181572,0.19277104483675211,-0.004160368345646749,0.039251906994169146,1.7429668032012084
B0005,60,65,1.659013868748246,1.8564874208181572,0.19747355206991113,-0.004276875343728446,0.04031665597945344,1.7381136020067989
B0005,59,66,1.6538540573335014,1.8564874208181572,0.20263336348465577,-0.00439797866667007,0.04139385752882988,1.7332628350780088
B0005,58,67,1.642653782130131,1.8564874208181572,0.21383363868802618,-0.00460199872968637,0.04315096826420035,1.7284031866977783
B0005,57,68,1.6378578430223698,1.8564874208181572,0.2186295777957874,-0.004810163190873152,0.04486452273556488,1.7235676798510147
B0005,56,69,1.6327350407099108,1.8564874208181572,0.22375238010824638,-0.005055035142067085,0.046737678479026726,1.7188910573479506
B0005,55,70,1.6277528915533617,1.8564874208181572,0.22873452926479554,-0.005269597806890769,0.048374589871994216,1.7140482285637648
B0005,54,71,1.622125485521159,1.8564874208181572,0.23436193529699811,-0.005491448575090974,0.05001591062553211,1.7091900077255966
B0005,53,72,1.6113256603765849,1.8564874208181572,0.24516176044157234,-0.00575645171856732,0.051975305333890734,1.7041570273911724
B0005,52,73,1.6065631397488385,1.8564874208181572,0.24992428106931874,-0.005948432702648525,0.05344022140804656,1.6987885556330053
B0005,51,74,1.6015142233917594,1.8564874208181572,0.2549731974263978,-0.006135458666515433,0.054830555879593276,1.6934167510879592
B0005,50,75,1.590369231400328,1.8564874208181572,0.2661181894178293,-0.006398117677774413,0.05672802954770516,1.6880380425657568
B0005,49,76,1.5857889968242211,1.8564874208181572,0.27069842399393607,-0.006686674718345479,0.05867692129250468,1.6828360223000305
B0005,48,77,1.5849430707374117,1.8564874208181572,0.2715443500807455,-0.006950964017542536,0.06035307391397077,1.6777977462851201
B0005,47,78,1.5955263892495937,1.8564874208181572,0.26096103156856354,-0.006682945113936489,0.05811470515206411,1.6711944920981947
B0005,46,79,1.5747301747801037,1.8564874208181572,0.2817572460380535,-0.006532919477700998,0.056754927928296645,1.6642458638466207
B0005,45,80,1.5649019950937946,1.8564874208181572,0.29158542572436263,-0.0064626866716081316,0.05612578190759368,1.657497123428817
B0005,44,81,1.5597659473370362,1.8564874208181572,0.296721473481121,-0.006406860997939671,0.05563367673750845,1.6509220621722078
B0005,43,82,1.5594815668184234,1.8564874208181572,0.2970058539997338,-0.006335085499630617,0.055026638972512296,1.644675760466696
B0005,42,83,1.55468935359061,1.8564874208181572,0.3017980672275473,-0.006246391306250617,0.05426860705215103,1.6384414972281924
B0005,41,84,1.5488741079890418,1.8564874208181572,0.3076133128291154,-0.006148514337825046,0.05341722896120112,1.6321898839728997
B0005,40,85,1.538236598942558,1.8564874208181572,0.3182508218755993,-0.0061054794607190875,0.05303747935741783,1.625920379806866
B0005,39,86,1.527914258251028,1.8564874208181572,0.3285731625671293,-0.006117872473446274,0.05314700402958644,1.6196573037841333
B0005,38,87,1.5285252629756445,1.8564874208181572,0.3279621578425127,-0.006079089762781828,0.05281429179289278,1.6135903675121483
B0005,37,88,1.522647325284378,1.8564874208181572,0.33384009553377925,-0.006028411259640086,0.05237305771573838,1.6074781283666766
B0005,36,89,1.5174859938489869,1.8564874208181572,0.33900142696917035,-0.005968778786934387,0.05185061425675795,1.6013839605861677
B0005,35,90,1.605818899130659,1.8564874208181572,0.2506685216874982,-0.005297435938170752,0.048896544527778266,1.5984252618845298
B0005,34,91,1.5638491446744425,1.8564874208181572,0.29263827614371474,-0.004924110098131654,0.04653128673849778,1.5943901364183135
B0005,33,92,1.5480915247767786,1.8564874208181572,0.3083958960413786,-0.004670507213588167,0.04477816101105286,1.5901773819403404
B0005,32,93,1.5323755631868592,1.8564874208181572,0.324111857631298,-0.004461409303994475,0.04308812913434096,1.5854375924469721
B0005,31,94,1.5269528268489705,1.8564874208181572,0.3295345939691867,-0.004298876692820854,0.04177999138821325,1.580878807475891
B0005,30,95,1.5169573017136326,1.8564874208181572,0.3395301191045246,-0.004172411012656795,0.04069202729839497,1.5761435885747375
B0005,29,96,1.511897596014269,1.8564874208181572,0.3445898248038881,-0.004050967019938638,0.03961992005066386,1.571411706530763
B0005,28,97,1.5065638960681105,1.8564874208181572,0.34992352475004673,-0.00397801533135944,0.03898914317307295,1.5668753769953623
B0005,27,98,1.5015453526671363,1.8564874208181572,0.3549420681510209,-0.003909965110821371,0.03839041995182935,1.5623316273168544
B0005,26,99,1.4908444050400238,1.8564874208181572,0.3656430157781334,-0.003885632214457258,0.038165173582485626,1.5576019394611913
B0005,25,100,1.485868384561201,1.8564874208181572,0.37061903625695614,-0.0038646296732431076,0.03796968993484267,1.5528724558947862
B0005,24,101,1.480413677976106,1.8564874208181572,0.3760737428420513,-0.003854498558943707,0.03787514801623762,1.5481487289766174
B0005,23,102,1.4752095869031632,1.8564874208181572,0.38127783391499404,-0.0038893706939228316,0.038186827013568125,1.5436115265275034
B0005,22,103,1.4859035988304024,1.8564874208181572,0.37058382198775486,-0.003827530848173018,0.037695720891411405,1.5395895418302221
B0005,21,104,1.4960918298136696,1.8564874208181572,0.3603955910044876,-0.003681094478889895,0.03665876123912496,1.536075462044286
B0005,20,105,1.4808005946928984,1.8564874208181572,0.37568682612525883,-0.003663266737655841,0.036525454426762013,1.5324231741540388
B0005,19,106,1.4697543268466824,1.8564874208181572,0.3867330939714748,-0.003699541725228193,0.036812106947813686,1.528555351821454
B0005,18,107,1.4539012274845928,1.8564874208181572,0.4025861933335644,-0.0037923004169688455,0.03762764991833653,1.5241872903796934
B0005,17,108,1.454146206723569,1.8564874208181572,0.4023412140945881,-0.0037521845907309537,0.03724934406123075,1.519474617628826
B0005,16,109,1.455023751906683,1.8564874208181572,0.4014636689114741,-0.00378692381970816,0.03752709786722518,1.5154844035330453
B0005,15,110,1.449042163761236,1.8564874208181572,0.40744525705692114,-0.0038747724548581475,0.03819839223628169,1.5116224091552932
B0005,14,111,1.4386709371480566,1.8564874208181572,0.4178164836701006,-0.004013402711715958,0.03928054311942694,1.5075859088156602
B0005,13,112,1.433445432156979,1.8564874208181572,0.42304198866117826,-0.004133827277904183,0.040233890945185175,1.5033847043269453
B0005,12,113,1.4333958900838095,1.8564874208181572,0.4230915307343477,-0.004231542847621043,0.0409629275583213,1.4993415888767188
B0005,11,114,1.42806487344776,1.8564874208181572,0.4284225473703973,-0.004349789044497094,0.041824732329154055,1.495314614392009
B0005,10,115,1.4229203181741186,1.8564874208181572,0.43356710264403864,-0.004520835333540894,0.042986285763515666,1.4914707383663948
B0005,9,116,1.417429032731308,1.8564874208181572,0.43905838808684927,-0.004747189137099035,0.0444153755067289,1.4877878975157373
B0005,8,117,1.412409228794446,1.8564874208181572,0.4440781920237111,-0.004952555780849961,0.04573647234704484,1.483917363043031
B0005,7,118,1.412578792940193,1.8564874208181572,0.44390862787796426,-0.0051457014323517646,0.046882865608964874,1.4802484119648913
B0005,6,119,1.4075983731469897,1.8564874208181572,0.44888904767116755,-0.005357600450663682,0.048107162885743675,1.4765854912748249
B0005,5,120,1.4333920485221476,1.8564874208181572,0.4230953722960096,-0.00474500294149723,0.04226990239634724,1.4708379295878742
B0005,4,121,1.4382550176792908,1.8564874208181572,0.41823240313886645,-0.004313758620621905,0.03893888515636119,1.4666514586880361
B0005,3,122,1.4173547174485526,1.8564874208181572,0.43913270336960464,-0.004070146484291287,0.03683976590402,1.4622935651104285
B0005,2,123,1.406981663677643,1.8564874208181572,0.4495057571405141,-0.003943673336611972,0.035748589501534936,1.458113768460121
B0005,1,124,1.4012037783587623,1.8564874208181572,0.4552836424593949,-0.0038360824362527056,0.03479065317361894,1.4539221335104477
B0006,79,30,1.857228890885317,2.035337591005598,0.17810870012028102,-0.005481257831879356,0.057171127199138604,1.9362695624376671
B0006,78,31,1.9247760889090637,2.035337591005598,0.11056150209653426,-0.004872181490772327,0.05414988386603662,1.9325841790344496
B0006,77,32,1.8822317526092551,2.035337591005598,0.15310583839634284,-0.004558718151378481,0.05204301994195967,1.9278205625870444
B0006,76,33,1.855276687885587,2.035337591005598,0.18006090312001088,-0.004437047916635797,0.0511119657932748,1.9225522398050485
B0006,75,34,1.839250891718188,2.035337591005598,0.19608669928740996,-0.004348735101666347,0.05035545025662669,1.9167511140109634
B0006,74,35,1.8185396073994429,2.035337591005598,0.2167979836061551,-0.004404583769009224,0.05085699602914718,1.9106848230034525
B0006,73,36,1.8134770059567056,2.035337591005598,0.2218605850488924,-0.004319908541350576,0.05001674124934137,1.9040040873355708
B0006,72,37,1.7971018450305436,2.035337591005598,0.23823574597505437,-0.004257207197593616,0.0493359141712099,1.8968041119823564
B0006,71,38,1.7810046294120476,2.035337591005598,0.25433296159355034,-0.004507847431527764,0.051663367822506585,1.89054460542033
B0006,70,39,1.7710130422682329,2.035337591005598,0.2643245487373651,-0.004743697627301952,0.05386407221544264,1.88397283428149
B0006,69,40,1.7604712448170945,2.035337591005598,0.2748663461885035,-0.005035254782531286,0.05646107367777448,1.8774141827168582
B0006,68,41,1.7502913788006589,2.035337591005598,0.2850462122049391,-0.00538516074115006,0.05940681732579695,1.8709039236297826
B0006,67,42,1.7394925037732578,2.035337591005598,0.29584508723234015,-0.005792655105856429,0.06266227400312573,1.8643953236060873
B0006,66,43,1.7546766553637203,2.035337591005598,0.28066093564187766,-0.006094416582781071,0.06465808402477698,1.858775213653651
B0006,65,44,1.7659390941842177,2.035337591005598,0.2693984968213803,-0.006327050893898663,0.0659563875819334,1.853910185761509
B0006,64,45,1.7337887419624838,2.035337591005598,0.3015488490431142,-0.006776810513174065,0.06874591971053678,1.8483342533536606
B0006,63,46,1.713325912040734,2.035337591005598,0.32201167896486393,-0.007366006266910995,0.07241232048196158,1.8424718172614802
B0006,62,47,1.7024077813673466,2.035337591005598,0.33292980963825136,-0.00802270344962997,0.07629135687331068,1.836609464232097
B0006,61,48,1.82371946178183,2.035337591005598,0.211618129223768,-0.007892345777002619,0.0761040196363731,1.835147789086424
B0006,60,49,1.8081284050314708,2.035337591005598,0.2272091859741272,-0.007842930119264268,0.07600754332977638,1.833165760672627
B0006,59,50,1.7757610945034283,2.035337591005598,0.25957649650216963,-0.007203208407135871,0.07159459055832373,1.826370245547714
B0006,58,51,1.7447409841836798,2.035337591005598,0.2905966068219181,-0.006825161475165999,0.06873116867586833,1.81927661475089
B0006,57,52,1.729207034132373,2.035337591005598,0.3061305568732249,-0.006533576906928689,0.06639673717880941,1.812056348652677
B0006,56,53,1.7081086552553244,2.035337591005598,0.32722893575027356,-0.006430484679909348,0.06555333735603004,1.8048517667555874
B0006,55,54,1.6975954237461768,2.035337591005598,0.3377421672594212,-0.006149155111341821,0.06283499843772725,1.7965722431090545
B0006,54,55,1.6820634524029463,2.035337591005598,0.35327413860265167,-0.006164916762000856,0.0629722476732651,1.7892607605040503
B0006,53,56,1.6714768322295086,2.035337591005598,0.36386075877608937,-0.006308168568787212,0.0641384913810069,1.7823541811223644
B0006,52,57,1.6607591387047655,2.035337591005598,0.3745784523008324,-0.006499880632699237,0.06566940945510022,1.775435947984976
B0006,51,58,1.651121015038069,2.035337591005598,0.3842165759675289,-0.006746129982140241,0.06756091810028222,1.7686058349193015
B0006,50,59,1.640134925619093,2.035337591005598,0.39520266538650506,-0.007046740342641119,0.06980228010424372,1.7617703392337523
B0006,49,60,1.629199941616544,2.035337591005598,0.40613764938905406,-0.007243698391517759,0.07139096217698905,1.7541693742581261
B0006,48,61,1.6088496302961666,2.035337591005598,0.4264879607094314,-0.00700464709468082,0.06869844177663925,1.7436384923043633
B0006,47,62,1.6035244898969248,2.035337591005598,0.4318131011086732,-0.006952792812225625,0.06817107426709354,1.7343482502139522
B0006,46,63,1.5989712144027983,2.035337591005598,0.43636637660279964,-0.006992203817943698,0.06854010162702599,1.7258047344311924
B0006,45,64,1.5876273123575604,2.035337591005598,0.4477102786480376,-0.007101283765493977,0.0695329309135076,1.7174172817858384
B0006,44,65,1.5829719744686166,2.035337591005598,0.4523656165369814,-0.007271277495900584,0.07095654383149101,1.7095650273548102
B0006,43,66,1.567137636713563,2.035337591005598,0.468199954292035,-0.007473529551948973,0.07268884054392073,1.7013537150467057
B0006,42,67,1.5613446139713882,2.035337591005598,0.47399297703420973,-0.0077164821440925,0.07463068056411296,1.6934951406780672
B0006,41,68,1.551171189279042,2.035337591005598,0.4841664017265559,-0.00803118746996978,0.07701289299572228,1.6858340260069666
B0006,40,69,1.5406741606295171,2.035337591005598,0.49466343037608085,-0.008380261239012454,0.0795774170196951,1.6781560632856765
B0006,39,70,1.5253138744624433,2.035337591005598,0.5100237165431547,-0.008798648969468463,0.0826072242465882,1.6703174842738546
B0006,38,71,1.5301570318067428,2.035337591005598,0.5051805591988552,-0.009151365852942399,0.08492200916217904,1.6629796727073907
B0006,37,72,1.524656683447409,2.035337591005598,0.5106809075581891,-0.009516097538258864,0.08719575376788785,1.6558184786965293
B0006,36,73,1.5145492986655429,2.035337591005598,0.5207882923400551,-0.009745731074235726,0.08876091259470414,1.6478142334732566
B0006,35,74,1.509391504602082,2.035337591005598,0.5259460864035159,-0.009824126726120977,0.08932496262377301,1.6392626471538525
B0006,34,75,1.5039974333050703,2.035337591005598,0.5313401577005277,-0.010044901423016863,0.09073217530343358,1.631602936865272
B0006,33,76,1.4935201918040188,2.035337591005598,0.5418173992015791,-0.010372151117418871,0.0926908020816076,1.6242760795240485
B0006,32,77,1.4876323024497422,2.035337591005598,0.5477052885558558,-0.010714884549679756,0.09465320664017185,1.6171168968934613
B0006,31,78,1.5302876214401704,2.035337591005598,0.5050499695654276,-0.009850228148479754,0.08770433555311972,1.6073358355487395
B0006,30,79,1.5040760088360112,2.035337591005598,0.5312615821695867,-0.009131644237624215,0.08124548290553724,1.5972007556755574
B0006,29,80,1.4887593608730894,2.035337591005598,0.5465782301325086,-0.008599815526969637,0.0764100625523101,1.5876340312212127
B0006,28,81,1.4782779285546637,2.035337591005598,0.5570596624509343,-0.008221842542652246,0.07304435645510178,1.5787519293669119
B0006,27,82,1.478459982215684,2.035337591005598,0.5568776087899139,-0.007831265950807175,0.06961567678095237,1.5703936943030223
B0006,26,83,1.473214844899973,2.035337591005598,0.5621227461056251,-0.007508467918141337,0.06684046225649691,1.5625639006245107
B0006,25,84,1.4675164935067897,2.035337591005598,0.5678210974988083,-0.007190425112722488,0.0640482566503415,1.5548946029498645
B0006,24,85,1.4516292657521337,2.035337591005598,0.5837083252534643,-0.006979626546691037,0.06212546226464284,1.5472134633948371
B0006,23,86,1.4519237720967175,2.035337591005598,0.5834138189088804,-0.006737409998030441,0.059949742119997824,1.5398950280570778
B0006,22,87,1.4471484694777743,2.035337591005598,0.5881891215278237,-0.006502229301416757,0.057819245457917695,1.5327746724161782
B0006,21,88,1.4468538105659885,2.035337591005598,0.5884837804396095,-0.006240375769131304,0.05546099400720838,1.5259657656004422
B0006,20,89,1.4416741930284678,2.035337591005598,0.5936633979771302,-0.005996818848999862,0.05324009737322257,1.5193504078474216
B0006,19,90,1.5935866593100128,2.035337591005598,0.4417509316955852,-0.004760292299665478,0.05113285413139492,1.5181632984372035
B0006,18,91,1.5463902376915637,2.035337591005598,0.48894735331403427,-0.003952760035815816,0.04860719194779472,1.516081318683717
B0006,17,92,1.51470559175661,2.035337591005598,0.5206319992489881,-0.003358579340215508,0.045815717032241604,1.513120688745706
B0006,16,93,1.4989786083335404,2.035337591005598,0.5363589826720576,-0.0028577459779425335,0.042999534670293854,1.509787601876731
B0006,15,94,1.4831110745410492,2.035337591005598,0.5522265164645488,-0.002493027016391714,0.04072562443688612,1.506303727282847
B0006,14,95,1.4729664825468278,2.035337591005598,0.5623711084587701,-0.002179359482372964,0.038551814797251796,1.5026368775521208
B0006,13,96,1.4627604396099307,2.035337591005598,0.5725771513956672,-0.001991794002132412,0.0372620905596333,1.4991576376486664
B0006,12,97,1.4518364681062514,2.035337591005598,0.5835011228993465,-0.001868216171370616,0.03634383963475392,1.4955073661198286
B0006,11,98,1.4468670644030392,2.035337591005598,0.5884705266025587,-0.0017981361339626826,0.03583806779983314,1.492030561957295
B0006,10,99,1.441380399427779,2.035337591005598,0.593957191577819,-0.0017894382817973933,0.035777837963741566,1.4887207699172371
B0006,9,100,1.431210744960774,2.035337591005598,0.6041268460448239,-0.0019081044626285517,0.03654895273691717,1.4855839989338482
B0006,8,101,1.4260247179525716,2.035337591005598,0.6093128730530264,-0.001984957661604601,0.037091724047073074,1.4821129218053757
B0006,7,102,1.420487649966195,2.035337591005598,0.614849941039403,-0.0020891348078633616,0.037815286153843365,1.4786406206893354
B0006,6,103,1.4207006230355006,2.035337591005598,0.6146369679700974,-0.0022152951893313986,0.038589247372719744,1.4755123315016674
B0006,5,104,1.452255804330839,2.035337591005598,0.5830817866747591,-0.002131687830452914,0.03827886788425995,1.4736078081592927
B0006,4,105,1.431557632772571,2.035337591005598,0.603779958233027,-0.002193395662865762,0.038569384334612856,1.4711931481415428
B0006,3,106,1.415015751158943,2.035337591005598,0.620321839846655,-0.0024018508706430035,0.03961476732995762,1.4685763334533737
B0006,2,107,1.4097311506517451,2.035337591005598,0.6256064403538528,-0.0026500767354616303,0.04081553339425172,1.4659796283934403
B0006,1,108,1.404917318129309,2.035337591005598,0.6304202728762889,-0.0026005237239401994,0.04043364811133495,1.4618006182830783
B0018,67,30,1.6940366439243106,1.8550045207910817,0.16096787686677105,-0.005541035073274937,0.04937747527208953,1.7737124311095156
B0018,66,31,1.6819027078768087,1.8550045207910817,0.17310181291427296,-0.005572720767072472,0.049654091956757684,1.7679423706790398
B0018,65,32,1.6769770618433686,1.8550045207910817,0.1780274589477131,-0.005640606409854643,0.050218377097960905,1.7624017550168523
B0018,64,33,1.6655229306478936,1.8550045207910817,0.1894815901431881,-0.005733216687211851,0.05101375614477019,1.7565991246239308
B0018,63,34,1.6571924575832084,1.8550045207910817,0.19781206320787326,-0.005863691541080626,0.05211000098699253,1.7508164197268306
B0018,62,35,1.6482241555294048,1.8550045207910817,0.20678036526167687,-0.005960861342650417,0.05296206305740596,1.7446672180130782
B0018,61,36,1.6387701497987262,1.8550045207910817,0.21623437099235554,-0.006065711913034782,0.053892032306561,1.7383419268528812
B0018,60,37,1.6276486907262062,1.8550045207910817,0.22735583006487547,-0.0062084186323783435,0.055157083909864485,1.7318901768914283
B0018,59,38,1.62215370227252,1.8550045207910817,0.2328508185185616,-0.0063420522069366336,0.056312768575361716,1.7254562999457346
B0018,58,39,1.6140066510467586,1.8550045207910817,0.24099786974432313,-0.006517345978102022,0.05777306530796226,1.7191132532440676
B0018,57,40,1.6760516154424625,1.8550045207910817,0.17895290534861918,-0.006078011430381332,0.05490963758888365,1.7142116327493357
B0018,56,41,1.649300642552199,1.8550045207910817,0.2057038782388827,-0.005821524982807207,0.052976302782883324,1.7087841424335573
B0018,55,42,1.63238299185809,1.8550045207910817,0.22262152893299159,-0.005653004626314207,0.0515893632788485,1.703040520888434
B0018,54,43,1.6164159719025777,1.8550045207910817,0.238588548888504,-0.005606329036715992,0.051193748616739324,1.6972262416256438
B0018,53,44,1.6109028378249377,1.8550045207910817,0.24410168296614398,-0.005568464696897446,0.05087401451795186,1.691473978791744
B0018,52,45,1.5954638693695655,1.8550045207910817,0.25954065142151617,-0.005570887283621424,0.05089606566478924,1.6852914873530274
B0018,51,46,1.726707440085764,1.8550045207910817,0.12829708070531765,-0.004711152744987515,0.04898289744728366,1.6838081007001295
B0018,50,47,1.7165673917429751,1.8550045207910817,0.13843712904810657,-0.0039148211079841466,0.04682154921392484,1.6820726671025386
B0018,49,48,1.6958235570934848,1.8550045207910817,0.15918096369759693,-0.003332603529452025,0.04499070365948259,1.680145769665931
B0018,48,49,1.6777783190792557,1.8550045207910817,0.17722620171182601,-0.0028921948388559667,0.043285331071404975,1.6778643889138563
B0018,47,50,1.6606586897774192,1.8550045207910817,0.19434583101366254,-0.0025907831784376368,0.0419248880198765,1.6752975207829244
B0018,46,51,1.6664109274827466,1.8550045207910817,0.18859359330833514,-0.0022603977435100564,0.040623463469715876,1.6731273292474296
B0018,45,52,1.6468336174407805,1.8550045207910817,0.2081709033503012,-0.002185430040774672,0.04033783541804212,1.6710686168472206
B0018,44,53,1.6257639928779952,1.8550045207910817,0.22924052791308647,-0.002199088004791784,0.04041023766234097,1.668211751374213
B0018,43,54,1.6121577411874597,1.8550045207910817,0.242846779603622,-0.0022897586012036266,0.04094098126367381,1.6650336048362198
B0018,42,55,1.6057366823755344,1.8550045207910817,0.24926783841554734,-0.0020915980009290785,0.03916810163645592,1.66025022070087
B0018,41,56,1.673645314879889,1.8550045207910817,0.1813592059111926,-0.0015050435968139778,0.036890845273927324,1.6582794073720997
B0018,40,57,1.6404348572349936,1.8550045207910817,0.21456966355608809,-0.0011791219649574147,0.0350397826461475,1.6555528581856254
B0018,39,58,1.6132653317422077,1.8550045207910817,0.24173918904887404,-0.0010637140900045603,0.03421935817420176,1.6522668259442075
B0018,38,59,1.5920964324686278,1.8550045207910817,0.26290808832245394,-0.0011277652860301468,0.03471669080694025,1.6486944458556059
B0018,37,60,1.5866011820698824,1.8550045207910817,0.26840333872119926,-0.0012156621736065761,0.035389438702625495,1.6451132637937917
B0018,36,61,1.580076649033625,1.8550045207910817,0.2749278717574566,-0.0013815329325545973,0.036561843045029095,1.641719061832352
B0018,35,62,1.5641732953289167,1.8550045207910817,0.290831225462165,-0.0016386695795530574,0.03849203987780987,1.63795893628187
B0018,34,63,1.555618272193922,1.8550045207910817,0.2993862485971597,-0.0019798031575739158,0.04085204635049314,1.6342954476667382
B0018,33,64,1.5402045278637395,1.8550045207910817,0.3147999929273422,-0.002428930936634287,0.043946677159286365,1.630395850009422
B0018,32,65,1.5321613015959863,1.8550045207910817,0.3228432191950954,-0.0029397483855486666,0.047195505255308336,1.6265270882116418
B0018,31,66,1.5316232403693415,1.8550045207910817,0.3233812804217402,-0.0034675963673567105,0.050098781509031,1.6229555245639955
B0018,30,67,1.5222595950771978,1.8550045207910817,0.3327449257138839,-0.004084880862148379,0.0532428564695821,1.6194425547090285
B0018,29,68,1.5065267126851285,1.8550045207910817,0.3484778081059532,-0.004794672596124989,0.05696227893752813,1.615588321722782
B0018,28,69,1.5014219556532926,1.8550045207910817,0.3535825651377891,-0.005542137870201056,0.06053923897152073,1.6118354985430001
B0018,27,70,1.4963534117486457,1.8550045207910817,0.358651109042436,-0.0058443138197345245,0.06273914378278277,1.6058455584198725
B0018,26,71,1.5334262000312422,1.8550045207910817,0.3215783207598395,-0.0060118452513625974,0.06350712850522879,1.6019830770025076
B0018,25,72,1.523845267514426,1.8550045207910817,0.33115925327665563,-0.006306305566074763,0.06475166466952412,1.5983651528577185
B0018,24,73,1.501192099426124,1.8550045207910817,0.3538124213649576,-0.006808740084234019,0.06694713367268448,1.5945243571085037
B0018,23,74,1.492417671450291,1.8550045207910817,0.36258684934079066,-0.007354537855508478,0.06931741580427454,1.590574851562682
B0018,22,75,1.483323851940123,1.8550045207910817,0.37168066885095863,-0.008012762424371822,0.07192746786128841,1.5868368509817006
B0018,21,76,1.4807376792294196,1.8550045207910817,0.3742668415616621,-0.007732648457428591,0.06949421257193014,1.5786378589531556
B0018,20,77,1.4735077809902477,1.8550045207910817,0.381496739800834,-0.0074596688677600635,0.06706759746554351,1.5705358719280649
B0018,19,78,1.46801928526661,1.8550045207910817,0.3869852355244716,-0.007257013199918933,0.06532602829190907,1.5629423962005022
B0018,18,79,1.458092355711902,1.8550045207910817,0.3969121650791796,-0.007141493192116492,0.0643485846072996,1.5556195307549239
B0018,17,80,1.44786609888914,1.8550045207910817,0.4071384219019416,-0.007112268630250088,0.06410679401202862,1.548526444391981
B0018,16,81,1.4527808777541982,1.8550045207910817,0.4022236430368835,-0.006916985528288303,0.06246055645872287,1.541405442734363
B0018,15,82,1.4425356364492432,1.8550045207910817,0.4124688843418385,-0.006827764386212572,0.061727496970066985,1.5345955100346451
B0018,14,83,1.4392712877203313,1.8550045207910817,0.4157332330707504,-0.006814011211345222,0.06162364641533275,1.5283790865293898
B0018,13,84,1.4286475681888218,1.8550045207910817,0.4263569526022599,-0.0068796565367014745,0.062109900958808785,1.5222620807627687
B0018,12,85,1.4249026750004896,1.8550045207910817,0.4301018457905921,-0.006932094827493527,0.06249000117758961,1.5162342805169335
B0018,11,86,1.4698115324524124,1.8550045207910817,0.38519298833866933,-0.006146003087475611,0.05572010554307562,1.5094398211026843
B0018,10,87,1.4525819651050202,1.8550045207910817,0.40242255568606145,-0.005609413922588116,0.05100285313802579,1.5031780580316851
B0018,9,88,1.442834198908794,1.8550045207910817,0.41217032188228764,-0.005239506565421866,0.047816551752889444,1.4974970202705713
B0018,8,89,1.428376058807949,1.8550045207910817,0.42662846198313265,-0.005033038512980544,0.04601733676187793,1.4920396744818816
B0018,7,90,1.4154547844370715,1.8550045207910817,0.4395497363540102,-0.00487498624959267,0.0445252196319194,1.4863347945607883
B0018,6,91,1.454576670077708,1.8550045207910817,0.4004278507133736,-0.004433381827201447,0.04130007688916637,1.4821514619289244
B0018,5,92,1.4283179548274056,1.8550045207910817,0.42668656596367605,-0.004215026959691814,0.039465653173638975,1.477622950578874
B0018,4,93,1.4197026883204058,1.8550045207910817,0.4353018324706759,-0.004050807301277829,0.0380271183065123,1.4730924311164235
B0018,3,94,1.4155606630306516,1.8550045207910817,0.43944385776043005,-0.003959137952072172,0.03726922449875626,1.4689376356219874
B0018,2,95,1.405680035419228,1.8550045207910817,0.44932448537185365,-0.0039312262191881,0.03703192070359719,1.4647215934160955
B0018,1,96,1.4084461071166137,1.8550045207910817,0.446558413674468,-0.0038329032040900646,0.03620600363869982,1.460615688974338
